surface_form,match_kind,canonical_display_name,canonical_name,concept_id,entity_type,stakeholder_role,parent_display_name,org_level,industry_code,match_mode,is_active
Ông Lê Ngọc Sơn - Chủ tịch HĐTV PVN,canonical,Lê Ngọc Sơn,Ông Lê Ngọc Sơn - Chủ tịch HĐTV PVN,oilgas:person:le_ngoc_son,person,PARTNER,PVN,person,ENERGY,contains,TRUE
Lê Ngọc Sơn,official,Lê Ngọc Sơn,Ông Lê Ngọc Sơn - Chủ tịch HĐTV PVN,oilgas:person:le_ngoc_son,person,PARTNER,PVN,person,ENERGY,contains,TRUE
ÔngLêNgọcSơn-ChủtịchHĐTVPVN,typo,Lê Ngọc Sơn,Ông Lê Ngọc Sơn - Chủ tịch HĐTV PVN,oilgas:person:le_ngoc_son,person,PARTNER,PVN,person,ENERGY,contains,TRUE
ong le ngoc son - chu tich hđtv pvn,typo,Lê Ngọc Sơn,Ông Lê Ngọc Sơn - Chủ tịch HĐTV PVN,oilgas:person:le_ngoc_son,person,PARTNER,PVN,person,ENERGY,contains,TRUE
LêNgọcSơn,typo,Lê Ngọc Sơn,Ông Lê Ngọc Sơn - Chủ tịch HĐTV PVN,oilgas:person:le_ngoc_son,person,PARTNER,PVN,person,ENERGY,contains,TRUE
le ngoc son,typo,Lê Ngọc Sơn,Ông Lê Ngọc Sơn - Chủ tịch HĐTV PVN,oilgas:person:le_ngoc_son,person,PARTNER,PVN,person,ENERGY,contains,TRUE
ong le ngoc son,typo,Lê Ngọc Sơn,Ông Lê Ngọc Sơn - Chủ tịch HĐTV PVN,oilgas:person:le_ngoc_son,person,PARTNER,PVN,person,ENERGY,contains,TRUE
Ông Lê Mạnh Cường - Tổng Giám đốc PVN,canonical,Lê Mạnh Cường,Ông Lê Mạnh Cường - Tổng Giám đốc PVN,oilgas:person:le_manh_cuong,person,PARTNER,PVN,person,ENERGY,contains,TRUE
Lê Mạnh Cường,official,Lê Mạnh Cường,Ông Lê Mạnh Cường - Tổng Giám đốc PVN,oilgas:person:le_manh_cuong,person,PARTNER,PVN,person,ENERGY,contains,TRUE
ÔngLêMạnhCường-TổngGiámđốcPVN,typo,Lê Mạnh Cường,Ông Lê Mạnh Cường - Tổng Giám đốc PVN,oilgas:person:le_manh_cuong,person,PARTNER,PVN,person,ENERGY,contains,TRUE
ong le manh cuong - tong giam đoc pvn,typo,Lê Mạnh Cường,Ông Lê Mạnh Cường - Tổng Giám đốc PVN,oilgas:person:le_manh_cuong,person,PARTNER,PVN,person,ENERGY,contains,TRUE
LêMạnhCường,typo,Lê Mạnh Cường,Ông Lê Mạnh Cường - Tổng Giám đốc PVN,oilgas:person:le_manh_cuong,person,PARTNER,PVN,person,ENERGY,contains,TRUE
le manh cuong,typo,Lê Mạnh Cường,Ông Lê Mạnh Cường - Tổng Giám đốc PVN,oilgas:person:le_manh_cuong,person,PARTNER,PVN,person,ENERGY,contains,TRUE
ong le manh cuong,typo,Lê Mạnh Cường,Ông Lê Mạnh Cường - Tổng Giám đốc PVN,oilgas:person:le_manh_cuong,person,PARTNER,PVN,person,ENERGY,contains,TRUE
Ông Hoàng Quốc Vượng - Cựu Chủ tịch HĐTV PVN,canonical,Hoàng Quốc Vượng,Ông Hoàng Quốc Vượng - Cựu Chủ tịch HĐTV PVN,oilgas:person:hoang_quoc_vuong,person,PARTNER,PVN,person,ENERGY,contains,FALSE
Hoàng Quốc Vượng,official,Hoàng Quốc Vượng,Ông Hoàng Quốc Vượng - Cựu Chủ tịch HĐTV PVN,oilgas:person:hoang_quoc_vuong,person,PARTNER,PVN,person,ENERGY,contains,FALSE
HoàngQuốcVượng,typo,Hoàng Quốc Vượng,Ông Hoàng Quốc Vượng - Cựu Chủ tịch HĐTV PVN,oilgas:person:hoang_quoc_vuong,person,PARTNER,PVN,person,ENERGY,contains,FALSE
hoang quoc vuong,typo,Hoàng Quốc Vượng,Ông Hoàng Quốc Vượng - Cựu Chủ tịch HĐTV PVN,oilgas:person:hoang_quoc_vuong,person,PARTNER,PVN,person,ENERGY,contains,FALSE
ÔngHoàngQuốcVượng-CựuChủtịchHĐTVPVN,typo,Hoàng Quốc Vượng,Ông Hoàng Quốc Vượng - Cựu Chủ tịch HĐTV PVN,oilgas:person:hoang_quoc_vuong,person,PARTNER,PVN,person,ENERGY,contains,FALSE
ong hoang quoc vuong - cuu chu tich hđtv pvn,typo,Hoàng Quốc Vượng,Ông Hoàng Quốc Vượng - Cựu Chủ tịch HĐTV PVN,oilgas:person:hoang_quoc_vuong,person,PARTNER,PVN,person,ENERGY,contains,FALSE
ong hoang quoc vuong,typo,Hoàng Quốc Vượng,Ông Hoàng Quốc Vượng - Cựu Chủ tịch HĐTV PVN,oilgas:person:hoang_quoc_vuong,person,PARTNER,PVN,person,ENERGY,contains,FALSE
Ông Đặng Hoàng An - Chủ tịch HĐTV EVN,canonical,Đặng Hoàng An,Ông Đặng Hoàng An - Chủ tịch HĐTV EVN,oilgas:person:dang_hoang_an,person,PARTNER,EVN,person,ENERGY,contains,TRUE
Đặng Hoàng An,official,Đặng Hoàng An,Ông Đặng Hoàng An - Chủ tịch HĐTV EVN,oilgas:person:dang_hoang_an,person,PARTNER,EVN,person,ENERGY,contains,TRUE
ÔngĐặngHoàngAn-ChủtịchHĐTVEVN,typo,Đặng Hoàng An,Ông Đặng Hoàng An - Chủ tịch HĐTV EVN,oilgas:person:dang_hoang_an,person,PARTNER,EVN,person,ENERGY,contains,TRUE
ong đang hoang an - chu tich hđtv evn,typo,Đặng Hoàng An,Ông Đặng Hoàng An - Chủ tịch HĐTV EVN,oilgas:person:dang_hoang_an,person,PARTNER,EVN,person,ENERGY,contains,TRUE
ĐặngHoàngAn,typo,Đặng Hoàng An,Ông Đặng Hoàng An - Chủ tịch HĐTV EVN,oilgas:person:dang_hoang_an,person,PARTNER,EVN,person,ENERGY,contains,TRUE
đang hoang an,typo,Đặng Hoàng An,Ông Đặng Hoàng An - Chủ tịch HĐTV EVN,oilgas:person:dang_hoang_an,person,PARTNER,EVN,person,ENERGY,contains,TRUE
ong đang hoang an,typo,Đặng Hoàng An,Ông Đặng Hoàng An - Chủ tịch HĐTV EVN,oilgas:person:dang_hoang_an,person,PARTNER,EVN,person,ENERGY,contains,TRUE
Ông Nguyễn Anh Tuấn - Tổng Giám đốc EVN,canonical,Nguyễn Anh Tuấn,Ông Nguyễn Anh Tuấn - Tổng Giám đốc EVN,oilgas:person:nguyen_anh_tuan,person,PARTNER,EVN,person,ENERGY,contains,TRUE
Nguyễn Anh Tuấn,official,Nguyễn Anh Tuấn,Ông Nguyễn Anh Tuấn - Tổng Giám đốc EVN,oilgas:person:nguyen_anh_tuan,person,PARTNER,EVN,person,ENERGY,contains,TRUE
ÔngNguyễnAnhTuấn-TổngGiámđốcEVN,typo,Nguyễn Anh Tuấn,Ông Nguyễn Anh Tuấn - Tổng Giám đốc EVN,oilgas:person:nguyen_anh_tuan,person,PARTNER,EVN,person,ENERGY,contains,TRUE
ong nguyen anh tuan - tong giam đoc evn,typo,Nguyễn Anh Tuấn,Ông Nguyễn Anh Tuấn - Tổng Giám đốc EVN,oilgas:person:nguyen_anh_tuan,person,PARTNER,EVN,person,ENERGY,contains,TRUE
NguyễnAnhTuấn,typo,Nguyễn Anh Tuấn,Ông Nguyễn Anh Tuấn - Tổng Giám đốc EVN,oilgas:person:nguyen_anh_tuan,person,PARTNER,EVN,person,ENERGY,contains,TRUE
nguyen anh tuan,typo,Nguyễn Anh Tuấn,Ông Nguyễn Anh Tuấn - Tổng Giám đốc EVN,oilgas:person:nguyen_anh_tuan,person,PARTNER,EVN,person,ENERGY,contains,TRUE
ong nguyen anh tuan,typo,Nguyễn Anh Tuấn,Ông Nguyễn Anh Tuấn - Tổng Giám đốc EVN,oilgas:person:nguyen_anh_tuan,person,PARTNER,EVN,person,ENERGY,contains,TRUE
Ông Phạm Văn Thanh - Chủ tịch HĐQT PLX,canonical,Phạm Văn Thanh,Ông Phạm Văn Thanh - Chủ tịch HĐQT PLX,oilgas:person:pham_van_thanh,person,PARTNER,PLX,person,ENERGY,contains,TRUE
Phạm Văn Thanh,official,Phạm Văn Thanh,Ông Phạm Văn Thanh - Chủ tịch HĐQT PLX,oilgas:person:pham_van_thanh,person,PARTNER,PLX,person,ENERGY,contains,TRUE
PhạmVănThanh,typo,Phạm Văn Thanh,Ông Phạm Văn Thanh - Chủ tịch HĐQT PLX,oilgas:person:pham_van_thanh,person,PARTNER,PLX,person,ENERGY,contains,TRUE
pham van thanh,typo,Phạm Văn Thanh,Ông Phạm Văn Thanh - Chủ tịch HĐQT PLX,oilgas:person:pham_van_thanh,person,PARTNER,PLX,person,ENERGY,contains,TRUE
ÔngPhạmVănThanh-ChủtịchHĐQTPLX,typo,Phạm Văn Thanh,Ông Phạm Văn Thanh - Chủ tịch HĐQT PLX,oilgas:person:pham_van_thanh,person,PARTNER,PLX,person,ENERGY,contains,TRUE
ong pham van thanh - chu tich hđqt plx,typo,Phạm Văn Thanh,Ông Phạm Văn Thanh - Chủ tịch HĐQT PLX,oilgas:person:pham_van_thanh,person,PARTNER,PLX,person,ENERGY,contains,TRUE
ong pham van thanh,typo,Phạm Văn Thanh,Ông Phạm Văn Thanh - Chủ tịch HĐQT PLX,oilgas:person:pham_van_thanh,person,PARTNER,PLX,person,ENERGY,contains,TRUE
Ông Lưu Văn Tuyển - Tổng Giám đốc PLX,canonical,Lưu Văn Tuyển,Ông Lưu Văn Tuyển - Tổng Giám đốc PLX,oilgas:person:luu_van_tuyen,person,PARTNER,PLX,person,ENERGY,contains,TRUE
Lưu Văn Tuyển,official,Lưu Văn Tuyển,Ông Lưu Văn Tuyển - Tổng Giám đốc PLX,oilgas:person:luu_van_tuyen,person,PARTNER,PLX,person,ENERGY,contains,TRUE
ÔngLưuVănTuyển-TổngGiámđốcPLX,typo,Lưu Văn Tuyển,Ông Lưu Văn Tuyển - Tổng Giám đốc PLX,oilgas:person:luu_van_tuyen,person,PARTNER,PLX,person,ENERGY,contains,TRUE
ong luu van tuyen - tong giam đoc plx,typo,Lưu Văn Tuyển,Ông Lưu Văn Tuyển - Tổng Giám đốc PLX,oilgas:person:luu_van_tuyen,person,PARTNER,PLX,person,ENERGY,contains,TRUE
LưuVănTuyển,typo,Lưu Văn Tuyển,Ông Lưu Văn Tuyển - Tổng Giám đốc PLX,oilgas:person:luu_van_tuyen,person,PARTNER,PLX,person,ENERGY,contains,TRUE
luu van tuyen,typo,Lưu Văn Tuyển,Ông Lưu Văn Tuyển - Tổng Giám đốc PLX,oilgas:person:luu_van_tuyen,person,PARTNER,PLX,person,ENERGY,contains,TRUE
ong luu van tuyen,typo,Lưu Văn Tuyển,Ông Lưu Văn Tuyển - Tổng Giám đốc PLX,oilgas:person:luu_van_tuyen,person,PARTNER,PLX,person,ENERGY,contains,TRUE
Ông Nguyễn Việt Thắng - Tổng Giám đốc BSR,canonical,Nguyễn Việt Thắng,Ông Nguyễn Việt Thắng - Tổng Giám đốc BSR,oilgas:person:nguyen_viet_thang,person,PARTNER,BSR,person,ENERGY,contains,TRUE
Nguyễn Việt Thắng,official,Nguyễn Việt Thắng,Ông Nguyễn Việt Thắng - Tổng Giám đốc BSR,oilgas:person:nguyen_viet_thang,person,PARTNER,BSR,person,ENERGY,contains,TRUE
ÔngNguyễnViệtThắng-TổngGiámđốcBSR,typo,Nguyễn Việt Thắng,Ông Nguyễn Việt Thắng - Tổng Giám đốc BSR,oilgas:person:nguyen_viet_thang,person,PARTNER,BSR,person,ENERGY,contains,TRUE
ong nguyen viet thang - tong giam đoc bsr,typo,Nguyễn Việt Thắng,Ông Nguyễn Việt Thắng - Tổng Giám đốc BSR,oilgas:person:nguyen_viet_thang,person,PARTNER,BSR,person,ENERGY,contains,TRUE
NguyễnViệtThắng,typo,Nguyễn Việt Thắng,Ông Nguyễn Việt Thắng - Tổng Giám đốc BSR,oilgas:person:nguyen_viet_thang,person,PARTNER,BSR,person,ENERGY,contains,TRUE
nguyen viet thang,typo,Nguyễn Việt Thắng,Ông Nguyễn Việt Thắng - Tổng Giám đốc BSR,oilgas:person:nguyen_viet_thang,person,PARTNER,BSR,person,ENERGY,contains,TRUE
ong nguyen viet thang,typo,Nguyễn Việt Thắng,Ông Nguyễn Việt Thắng - Tổng Giám đốc BSR,oilgas:person:nguyen_viet_thang,person,PARTNER,BSR,person,ENERGY,contains,TRUE
Ông Bùi Ngọc Dương - Chủ tịch HĐQT BSR,canonical,Bùi Ngọc Dương,Ông Bùi Ngọc Dương - Chủ tịch HĐQT BSR,oilgas:person:bui_ngoc_duong,person,PARTNER,BSR,person,ENERGY,contains,TRUE
Bùi Ngọc Dương,official,Bùi Ngọc Dương,Ông Bùi Ngọc Dương - Chủ tịch HĐQT BSR,oilgas:person:bui_ngoc_duong,person,PARTNER,BSR,person,ENERGY,contains,TRUE
BùiNgọcDương,typo,Bùi Ngọc Dương,Ông Bùi Ngọc Dương - Chủ tịch HĐQT BSR,oilgas:person:bui_ngoc_duong,person,PARTNER,BSR,person,ENERGY,contains,TRUE
bui ngoc duong,typo,Bùi Ngọc Dương,Ông Bùi Ngọc Dương - Chủ tịch HĐQT BSR,oilgas:person:bui_ngoc_duong,person,PARTNER,BSR,person,ENERGY,contains,TRUE
ÔngBùiNgọcDương-ChủtịchHĐQTBSR,typo,Bùi Ngọc Dương,Ông Bùi Ngọc Dương - Chủ tịch HĐQT BSR,oilgas:person:bui_ngoc_duong,person,PARTNER,BSR,person,ENERGY,contains,TRUE
ong bui ngoc duong - chu tich hđqt bsr,typo,Bùi Ngọc Dương,Ông Bùi Ngọc Dương - Chủ tịch HĐQT BSR,oilgas:person:bui_ngoc_duong,person,PARTNER,BSR,person,ENERGY,contains,TRUE
ong bui ngoc duong,typo,Bùi Ngọc Dương,Ông Bùi Ngọc Dương - Chủ tịch HĐQT BSR,oilgas:person:bui_ngoc_duong,person,PARTNER,BSR,person,ENERGY,contains,TRUE
Ông Phạm Văn Phong - Tổng Giám đốc PV GAS,canonical,Phạm Văn Phong,Ông Phạm Văn Phong - Tổng Giám đốc PV GAS,oilgas:person:pham_van_phong,person,PARTNER,PV GAS,person,ENERGY,contains,TRUE
Phạm Văn Phong,official,Phạm Văn Phong,Ông Phạm Văn Phong - Tổng Giám đốc PV GAS,oilgas:person:pham_van_phong,person,PARTNER,PV GAS,person,ENERGY,contains,TRUE
ÔngPhạmVănPhong-TổngGiámđốcPVGAS,typo,Phạm Văn Phong,Ông Phạm Văn Phong - Tổng Giám đốc PV GAS,oilgas:person:pham_van_phong,person,PARTNER,PV GAS,person,ENERGY,contains,TRUE
ong pham van phong - tong giam đoc pv gas,typo,Phạm Văn Phong,Ông Phạm Văn Phong - Tổng Giám đốc PV GAS,oilgas:person:pham_van_phong,person,PARTNER,PV GAS,person,ENERGY,contains,TRUE
PhạmVănPhong,typo,Phạm Văn Phong,Ông Phạm Văn Phong - Tổng Giám đốc PV GAS,oilgas:person:pham_van_phong,person,PARTNER,PV GAS,person,ENERGY,contains,TRUE
pham van phong,typo,Phạm Văn Phong,Ông Phạm Văn Phong - Tổng Giám đốc PV GAS,oilgas:person:pham_van_phong,person,PARTNER,PV GAS,person,ENERGY,contains,TRUE
ong pham van phong,typo,Phạm Văn Phong,Ông Phạm Văn Phong - Tổng Giám đốc PV GAS,oilgas:person:pham_van_phong,person,PARTNER,PV GAS,person,ENERGY,contains,TRUE
Ông Nguyễn Đăng Trình - Tổng Giám đốc PVOIL,canonical,Nguyễn Đăng Trình,Ông Nguyễn Đăng Trình - Tổng Giám đốc PVOIL,oilgas:person:nguyen_dang_trinh,person,PARTNER,PVOIL,person,ENERGY,contains,TRUE
Nguyễn Đăng Trình,official,Nguyễn Đăng Trình,Ông Nguyễn Đăng Trình - Tổng Giám đốc PVOIL,oilgas:person:nguyen_dang_trinh,person,PARTNER,PVOIL,person,ENERGY,contains,TRUE
ÔngNguyễnĐăngTrình-TổngGiámđốcPVOIL,typo,Nguyễn Đăng Trình,Ông Nguyễn Đăng Trình - Tổng Giám đốc PVOIL,oilgas:person:nguyen_dang_trinh,person,PARTNER,PVOIL,person,ENERGY,contains,TRUE
ong nguyen đang trinh - tong giam đoc pvoil,typo,Nguyễn Đăng Trình,Ông Nguyễn Đăng Trình - Tổng Giám đốc PVOIL,oilgas:person:nguyen_dang_trinh,person,PARTNER,PVOIL,person,ENERGY,contains,TRUE
NguyễnĐăngTrình,typo,Nguyễn Đăng Trình,Ông Nguyễn Đăng Trình - Tổng Giám đốc PVOIL,oilgas:person:nguyen_dang_trinh,person,PARTNER,PVOIL,person,ENERGY,contains,TRUE
nguyen đang trinh,typo,Nguyễn Đăng Trình,Ông Nguyễn Đăng Trình - Tổng Giám đốc PVOIL,oilgas:person:nguyen_dang_trinh,person,PARTNER,PVOIL,person,ENERGY,contains,TRUE
ong nguyen đang trinh,typo,Nguyễn Đăng Trình,Ông Nguyễn Đăng Trình - Tổng Giám đốc PVOIL,oilgas:person:nguyen_dang_trinh,person,PARTNER,PVOIL,person,ENERGY,contains,TRUE
Ông Cao Hoài Dương - Chủ tịch HĐQT PVOIL,canonical,Cao Hoài Dương,Ông Cao Hoài Dương - Chủ tịch HĐQT PVOIL,oilgas:person:cao_hoai_duong,person,PARTNER,PVOIL,person,ENERGY,contains,TRUE
Cao Hoài Dương,official,Cao Hoài Dương,Ông Cao Hoài Dương - Chủ tịch HĐQT PVOIL,oilgas:person:cao_hoai_duong,person,PARTNER,PVOIL,person,ENERGY,contains,TRUE
ÔngCaoHoàiDương-ChủtịchHĐQTPVOIL,typo,Cao Hoài Dương,Ông Cao Hoài Dương - Chủ tịch HĐQT PVOIL,oilgas:person:cao_hoai_duong,person,PARTNER,PVOIL,person,ENERGY,contains,TRUE
ong cao hoai duong - chu tich hđqt pvoil,typo,Cao Hoài Dương,Ông Cao Hoài Dương - Chủ tịch HĐQT PVOIL,oilgas:person:cao_hoai_duong,person,PARTNER,PVOIL,person,ENERGY,contains,TRUE
CaoHoàiDương,typo,Cao Hoài Dương,Ông Cao Hoài Dương - Chủ tịch HĐQT PVOIL,oilgas:person:cao_hoai_duong,person,PARTNER,PVOIL,person,ENERGY,contains,TRUE
cao hoai duong,typo,Cao Hoài Dương,Ông Cao Hoài Dương - Chủ tịch HĐQT PVOIL,oilgas:person:cao_hoai_duong,person,PARTNER,PVOIL,person,ENERGY,contains,TRUE
ong cao hoai duong,typo,Cao Hoài Dương,Ông Cao Hoài Dương - Chủ tịch HĐQT PVOIL,oilgas:person:cao_hoai_duong,person,PARTNER,PVOIL,person,ENERGY,contains,TRUE
Ông Nguyễn Thiện Bảo - Tổng Giám đốc PVEP,canonical,Nguyễn Thiện Bảo,Ông Nguyễn Thiện Bảo - Tổng Giám đốc PVEP,oilgas:person:nguyen_thien_bao,person,PARTNER,PVEP,person,ENERGY,contains,TRUE
Nguyễn Thiện Bảo,official,Nguyễn Thiện Bảo,Ông Nguyễn Thiện Bảo - Tổng Giám đốc PVEP,oilgas:person:nguyen_thien_bao,person,PARTNER,PVEP,person,ENERGY,contains,TRUE
ÔngNguyễnThiệnBảo-TổngGiámđốcPVEP,typo,Nguyễn Thiện Bảo,Ông Nguyễn Thiện Bảo - Tổng Giám đốc PVEP,oilgas:person:nguyen_thien_bao,person,PARTNER,PVEP,person,ENERGY,contains,TRUE
ong nguyen thien bao - tong giam đoc pvep,typo,Nguyễn Thiện Bảo,Ông Nguyễn Thiện Bảo - Tổng Giám đốc PVEP,oilgas:person:nguyen_thien_bao,person,PARTNER,PVEP,person,ENERGY,contains,TRUE
NguyễnThiệnBảo,typo,Nguyễn Thiện Bảo,Ông Nguyễn Thiện Bảo - Tổng Giám đốc PVEP,oilgas:person:nguyen_thien_bao,person,PARTNER,PVEP,person,ENERGY,contains,TRUE
nguyen thien bao,typo,Nguyễn Thiện Bảo,Ông Nguyễn Thiện Bảo - Tổng Giám đốc PVEP,oilgas:person:nguyen_thien_bao,person,PARTNER,PVEP,person,ENERGY,contains,TRUE
ong nguyen thien bao,typo,Nguyễn Thiện Bảo,Ông Nguyễn Thiện Bảo - Tổng Giám đốc PVEP,oilgas:person:nguyen_thien_bao,person,PARTNER,PVEP,person,ENERGY,contains,TRUE
Ông Trần Hồ Bắc - Tổng Giám đốc PTSC,canonical,Trần Hồ Bắc,Ông Trần Hồ Bắc - Tổng Giám đốc PTSC,oilgas:person:tran_ho_bac,person,PARTNER,PTSC,person,ENERGY,contains,TRUE
Trần Hồ Bắc,official,Trần Hồ Bắc,Ông Trần Hồ Bắc - Tổng Giám đốc PTSC,oilgas:person:tran_ho_bac,person,PARTNER,PTSC,person,ENERGY,contains,TRUE
ÔngTrầnHồBắc-TổngGiámđốcPTSC,typo,Trần Hồ Bắc,Ông Trần Hồ Bắc - Tổng Giám đốc PTSC,oilgas:person:tran_ho_bac,person,PARTNER,PTSC,person,ENERGY,contains,TRUE
ong tran ho bac - tong giam đoc ptsc,typo,Trần Hồ Bắc,Ông Trần Hồ Bắc - Tổng Giám đốc PTSC,oilgas:person:tran_ho_bac,person,PARTNER,PTSC,person,ENERGY,contains,TRUE
TrầnHồBắc,typo,Trần Hồ Bắc,Ông Trần Hồ Bắc - Tổng Giám đốc PTSC,oilgas:person:tran_ho_bac,person,PARTNER,PTSC,person,ENERGY,contains,TRUE
tran ho bac,typo,Trần Hồ Bắc,Ông Trần Hồ Bắc - Tổng Giám đốc PTSC,oilgas:person:tran_ho_bac,person,PARTNER,PTSC,person,ENERGY,contains,TRUE
ong tran ho bac,typo,Trần Hồ Bắc,Ông Trần Hồ Bắc - Tổng Giám đốc PTSC,oilgas:person:tran_ho_bac,person,PARTNER,PTSC,person,ENERGY,contains,TRUE
Ông Lê Như Linh - Tổng Giám đốc PV Power,canonical,Lê Như Linh,Ông Lê Như Linh - Tổng Giám đốc PV Power,oilgas:person:le_nhu_linh,person,PARTNER,PV Power,person,ENERGY,contains,TRUE
Lê Như Linh,official,Lê Như Linh,Ông Lê Như Linh - Tổng Giám đốc PV Power,oilgas:person:le_nhu_linh,person,PARTNER,PV Power,person,ENERGY,contains,TRUE
ÔngLêNhưLinh-TổngGiámđốcPVPower,typo,Lê Như Linh,Ông Lê Như Linh - Tổng Giám đốc PV Power,oilgas:person:le_nhu_linh,person,PARTNER,PV Power,person,ENERGY,contains,TRUE
ong le nhu linh - tong giam đoc pv power,typo,Lê Như Linh,Ông Lê Như Linh - Tổng Giám đốc PV Power,oilgas:person:le_nhu_linh,person,PARTNER,PV Power,person,ENERGY,contains,TRUE
LêNhưLinh,typo,Lê Như Linh,Ông Lê Như Linh - Tổng Giám đốc PV Power,oilgas:person:le_nhu_linh,person,PARTNER,PV Power,person,ENERGY,contains,TRUE
le nhu linh,typo,Lê Như Linh,Ông Lê Như Linh - Tổng Giám đốc PV Power,oilgas:person:le_nhu_linh,person,PARTNER,PV Power,person,ENERGY,contains,TRUE
ong le nhu linh,typo,Lê Như Linh,Ông Lê Như Linh - Tổng Giám đốc PV Power,oilgas:person:le_nhu_linh,person,PARTNER,PV Power,person,ENERGY,contains,TRUE
Ông Dương Trí Hội - Tổng Giám đốc PVChem,canonical,Dương Trí Hội,Ông Dương Trí Hội - Tổng Giám đốc PVChem,oilgas:person:duong_tri_hoi,person,PARTNER,PVChem,person,ENERGY,contains,TRUE
Dương Trí Hội,official,Dương Trí Hội,Ông Dương Trí Hội - Tổng Giám đốc PVChem,oilgas:person:duong_tri_hoi,person,PARTNER,PVChem,person,ENERGY,contains,TRUE
ÔngDươngTríHội-TổngGiámđốcPVChem,typo,Dương Trí Hội,Ông Dương Trí Hội - Tổng Giám đốc PVChem,oilgas:person:duong_tri_hoi,person,PARTNER,PVChem,person,ENERGY,contains,TRUE
ong duong tri hoi - tong giam đoc pvchem,typo,Dương Trí Hội,Ông Dương Trí Hội - Tổng Giám đốc PVChem,oilgas:person:duong_tri_hoi,person,PARTNER,PVChem,person,ENERGY,contains,TRUE
DươngTríHội,typo,Dương Trí Hội,Ông Dương Trí Hội - Tổng Giám đốc PVChem,oilgas:person:duong_tri_hoi,person,PARTNER,PVChem,person,ENERGY,contains,TRUE
duong tri hoi,typo,Dương Trí Hội,Ông Dương Trí Hội - Tổng Giám đốc PVChem,oilgas:person:duong_tri_hoi,person,PARTNER,PVChem,person,ENERGY,contains,TRUE
ong duong tri hoi,typo,Dương Trí Hội,Ông Dương Trí Hội - Tổng Giám đốc PVChem,oilgas:person:duong_tri_hoi,person,PARTNER,PVChem,person,ENERGY,contains,TRUE
Ông Trương Đại Nghĩa - Chủ tịch HĐQT PVChem,canonical,Trương Đại Nghĩa,Ông Trương Đại Nghĩa - Chủ tịch HĐQT PVChem,oilgas:person:truong_dai_nghia,person,PARTNER,PVChem,person,ENERGY,contains,TRUE
Trương Đại Nghĩa,official,Trương Đại Nghĩa,Ông Trương Đại Nghĩa - Chủ tịch HĐQT PVChem,oilgas:person:truong_dai_nghia,person,PARTNER,PVChem,person,ENERGY,contains,TRUE
ÔngTrươngĐạiNghĩa-ChủtịchHĐQTPVChem,typo,Trương Đại Nghĩa,Ông Trương Đại Nghĩa - Chủ tịch HĐQT PVChem,oilgas:person:truong_dai_nghia,person,PARTNER,PVChem,person,ENERGY,contains,TRUE
ong truong đai nghia - chu tich hđqt pvchem,typo,Trương Đại Nghĩa,Ông Trương Đại Nghĩa - Chủ tịch HĐQT PVChem,oilgas:person:truong_dai_nghia,person,PARTNER,PVChem,person,ENERGY,contains,TRUE
TrươngĐạiNghĩa,typo,Trương Đại Nghĩa,Ông Trương Đại Nghĩa - Chủ tịch HĐQT PVChem,oilgas:person:truong_dai_nghia,person,PARTNER,PVChem,person,ENERGY,contains,TRUE
truong đai nghia,typo,Trương Đại Nghĩa,Ông Trương Đại Nghĩa - Chủ tịch HĐQT PVChem,oilgas:person:truong_dai_nghia,person,PARTNER,PVChem,person,ENERGY,contains,TRUE
ong truong đai nghia,typo,Trương Đại Nghĩa,Ông Trương Đại Nghĩa - Chủ tịch HĐQT PVChem,oilgas:person:truong_dai_nghia,person,PARTNER,PVChem,person,ENERGY,contains,TRUE
Ông Nguyễn Xuân Cường - Tổng Giám đốc PV Drilling,canonical,Nguyễn Xuân Cường,Ông Nguyễn Xuân Cường - Tổng Giám đốc PV Drilling,oilgas:person:nguyen_xuan_cuong,person,PARTNER,PV Drilling,person,ENERGY,contains,TRUE
Nguyễn Xuân Cường,official,Nguyễn Xuân Cường,Ông Nguyễn Xuân Cường - Tổng Giám đốc PV Drilling,oilgas:person:nguyen_xuan_cuong,person,PARTNER,PV Drilling,person,ENERGY,contains,TRUE
ÔngNguyễnXuânCường-TổngGiámđốcPVDrilling,typo,Nguyễn Xuân Cường,Ông Nguyễn Xuân Cường - Tổng Giám đốc PV Drilling,oilgas:person:nguyen_xuan_cuong,person,PARTNER,PV Drilling,person,ENERGY,contains,TRUE
ong nguyen xuan cuong - tong giam đoc pv drilling,typo,Nguyễn Xuân Cường,Ông Nguyễn Xuân Cường - Tổng Giám đốc PV Drilling,oilgas:person:nguyen_xuan_cuong,person,PARTNER,PV Drilling,person,ENERGY,contains,TRUE
NguyễnXuânCường,typo,Nguyễn Xuân Cường,Ông Nguyễn Xuân Cường - Tổng Giám đốc PV Drilling,oilgas:person:nguyen_xuan_cuong,person,PARTNER,PV Drilling,person,ENERGY,contains,TRUE
nguyen xuan cuong,typo,Nguyễn Xuân Cường,Ông Nguyễn Xuân Cường - Tổng Giám đốc PV Drilling,oilgas:person:nguyen_xuan_cuong,person,PARTNER,PV Drilling,person,ENERGY,contains,TRUE
ong nguyen xuan cuong,typo,Nguyễn Xuân Cường,Ông Nguyễn Xuân Cường - Tổng Giám đốc PV Drilling,oilgas:person:nguyen_xuan_cuong,person,PARTNER,PV Drilling,person,ENERGY,contains,TRUE
Kazutaka Yamato - Tổng Giám đốc NSRP,canonical,Kazutaka Yamato,Kazutaka Yamato - Tổng Giám đốc NSRP,oilgas:person:kazutaka_yamato,person,PARTNER,NSRP,person,ENERGY,contains,TRUE
Kazutaka Yamato,official,Kazutaka Yamato,Kazutaka Yamato - Tổng Giám đốc NSRP,oilgas:person:kazutaka_yamato,person,PARTNER,NSRP,person,ENERGY,contains,TRUE
KazutakaYamato,typo,Kazutaka Yamato,Kazutaka Yamato - Tổng Giám đốc NSRP,oilgas:person:kazutaka_yamato,person,PARTNER,NSRP,person,ENERGY,contains,TRUE
kazutaka yamato,typo,Kazutaka Yamato,Kazutaka Yamato - Tổng Giám đốc NSRP,oilgas:person:kazutaka_yamato,person,PARTNER,NSRP,person,ENERGY,contains,TRUE
KazutakaYamato-TổngGiámđốcNSRP,typo,Kazutaka Yamato,Kazutaka Yamato - Tổng Giám đốc NSRP,oilgas:person:kazutaka_yamato,person,PARTNER,NSRP,person,ENERGY,contains,TRUE
kazutaka yamato - tong giam đoc nsrp,typo,Kazutaka Yamato,Kazutaka Yamato - Tổng Giám đốc NSRP,oilgas:person:kazutaka_yamato,person,PARTNER,NSRP,person,ENERGY,contains,TRUE
ong kazutaka yamato,typo,Kazutaka Yamato,Kazutaka Yamato - Tổng Giám đốc NSRP,oilgas:person:kazutaka_yamato,person,PARTNER,NSRP,person,ENERGY,contains,TRUE
Ông Trần Quốc Hoàn - Tổng Giám đốc PVC,canonical,Trần Quốc Hoàn,Ông Trần Quốc Hoàn - Tổng Giám đốc PVC,oilgas:person:tran_quoc_hoan,person,PARTNER,PVC,person,ENERGY,contains,TRUE
Trần Quốc Hoàn,official,Trần Quốc Hoàn,Ông Trần Quốc Hoàn - Tổng Giám đốc PVC,oilgas:person:tran_quoc_hoan,person,PARTNER,PVC,person,ENERGY,contains,TRUE
TrầnQuốcHoàn,typo,Trần Quốc Hoàn,Ông Trần Quốc Hoàn - Tổng Giám đốc PVC,oilgas:person:tran_quoc_hoan,person,PARTNER,PVC,person,ENERGY,contains,TRUE
tran quoc hoan,typo,Trần Quốc Hoàn,Ông Trần Quốc Hoàn - Tổng Giám đốc PVC,oilgas:person:tran_quoc_hoan,person,PARTNER,PVC,person,ENERGY,contains,TRUE
ÔngTrầnQuốcHoàn-TổngGiámđốcPVC,typo,Trần Quốc Hoàn,Ông Trần Quốc Hoàn - Tổng Giám đốc PVC,oilgas:person:tran_quoc_hoan,person,PARTNER,PVC,person,ENERGY,contains,TRUE
ong tran quoc hoan - tong giam đoc pvc,typo,Trần Quốc Hoàn,Ông Trần Quốc Hoàn - Tổng Giám đốc PVC,oilgas:person:tran_quoc_hoan,person,PARTNER,PVC,person,ENERGY,contains,TRUE
ong tran quoc hoan,typo,Trần Quốc Hoàn,Ông Trần Quốc Hoàn - Tổng Giám đốc PVC,oilgas:person:tran_quoc_hoan,person,PARTNER,PVC,person,ENERGY,contains,TRUE
Ông Trần Ngọc Nguyên - Tổng Giám đốc PVTrans,canonical,Trần Ngọc Nguyên,Ông Trần Ngọc Nguyên - Tổng Giám đốc PVTrans,oilgas:person:tran_ngoc_nguyen,person,PARTNER,PVTrans,person,ENERGY,contains,TRUE
Trần Ngọc Nguyên,official,Trần Ngọc Nguyên,Ông Trần Ngọc Nguyên - Tổng Giám đốc PVTrans,oilgas:person:tran_ngoc_nguyen,person,PARTNER,PVTrans,person,ENERGY,contains,TRUE
ÔngTrầnNgọcNguyên-TổngGiámđốcPVTrans,typo,Trần Ngọc Nguyên,Ông Trần Ngọc Nguyên - Tổng Giám đốc PVTrans,oilgas:person:tran_ngoc_nguyen,person,PARTNER,PVTrans,person,ENERGY,contains,TRUE
ong tran ngoc nguyen - tong giam đoc pvtrans,typo,Trần Ngọc Nguyên,Ông Trần Ngọc Nguyên - Tổng Giám đốc PVTrans,oilgas:person:tran_ngoc_nguyen,person,PARTNER,PVTrans,person,ENERGY,contains,TRUE
TrầnNgọcNguyên,typo,Trần Ngọc Nguyên,Ông Trần Ngọc Nguyên - Tổng Giám đốc PVTrans,oilgas:person:tran_ngoc_nguyen,person,PARTNER,PVTrans,person,ENERGY,contains,TRUE
tran ngoc nguyen,typo,Trần Ngọc Nguyên,Ông Trần Ngọc Nguyên - Tổng Giám đốc PVTrans,oilgas:person:tran_ngoc_nguyen,person,PARTNER,PVTrans,person,ENERGY,contains,TRUE
ong tran ngoc nguyen,typo,Trần Ngọc Nguyên,Ông Trần Ngọc Nguyên - Tổng Giám đốc PVTrans,oilgas:person:tran_ngoc_nguyen,person,PARTNER,PVTrans,person,ENERGY,contains,TRUE
Ông Nguyễn Thanh Tùng - Tổng Giám đốc PVCFC,canonical,Nguyễn Thanh Tùng,Ông Nguyễn Thanh Tùng - Tổng Giám đốc PVCFC,oilgas:person:nguyen_thanh_tung,person,PARTNER,PVCFC,person,ENERGY,contains,TRUE
Nguyễn Thanh Tùng,official,Nguyễn Thanh Tùng,Ông Nguyễn Thanh Tùng - Tổng Giám đốc PVCFC,oilgas:person:nguyen_thanh_tung,person,PARTNER,PVCFC,person,ENERGY,contains,TRUE
NguyễnThanhTùng,typo,Nguyễn Thanh Tùng,Ông Nguyễn Thanh Tùng - Tổng Giám đốc PVCFC,oilgas:person:nguyen_thanh_tung,person,PARTNER,PVCFC,person,ENERGY,contains,TRUE
nguyen thanh tung,typo,Nguyễn Thanh Tùng,Ông Nguyễn Thanh Tùng - Tổng Giám đốc PVCFC,oilgas:person:nguyen_thanh_tung,person,PARTNER,PVCFC,person,ENERGY,contains,TRUE
ÔngNguyễnThanhTùng-TổngGiámđốcPVCFC,typo,Nguyễn Thanh Tùng,Ông Nguyễn Thanh Tùng - Tổng Giám đốc PVCFC,oilgas:person:nguyen_thanh_tung,person,PARTNER,PVCFC,person,ENERGY,contains,TRUE
ong nguyen thanh tung - tong giam đoc pvcfc,typo,Nguyễn Thanh Tùng,Ông Nguyễn Thanh Tùng - Tổng Giám đốc PVCFC,oilgas:person:nguyen_thanh_tung,person,PARTNER,PVCFC,person,ENERGY,contains,TRUE
ong nguyen thanh tung,typo,Nguyễn Thanh Tùng,Ông Nguyễn Thanh Tùng - Tổng Giám đốc PVCFC,oilgas:person:nguyen_thanh_tung,person,PARTNER,PVCFC,person,ENERGY,contains,TRUE
Ông Phan Công Thành - Tổng Giám đốc PVFCCo,canonical,Phan Công Thành,Ông Phan Công Thành - Tổng Giám đốc PVFCCo,oilgas:person:phan_cong_thanh,person,PARTNER,PVFCCo,person,ENERGY,contains,TRUE
Phan Công Thành,official,Phan Công Thành,Ông Phan Công Thành - Tổng Giám đốc PVFCCo,oilgas:person:phan_cong_thanh,person,PARTNER,PVFCCo,person,ENERGY,contains,TRUE
PhanCôngThành,typo,Phan Công Thành,Ông Phan Công Thành - Tổng Giám đốc PVFCCo,oilgas:person:phan_cong_thanh,person,PARTNER,PVFCCo,person,ENERGY,contains,TRUE
phan cong thanh,typo,Phan Công Thành,Ông Phan Công Thành - Tổng Giám đốc PVFCCo,oilgas:person:phan_cong_thanh,person,PARTNER,PVFCCo,person,ENERGY,contains,TRUE
ÔngPhanCôngThành-TổngGiámđốcPVFCCo,typo,Phan Công Thành,Ông Phan Công Thành - Tổng Giám đốc PVFCCo,oilgas:person:phan_cong_thanh,person,PARTNER,PVFCCo,person,ENERGY,contains,TRUE
ong phan cong thanh - tong giam đoc pvfcco,typo,Phan Công Thành,Ông Phan Công Thành - Tổng Giám đốc PVFCCo,oilgas:person:phan_cong_thanh,person,PARTNER,PVFCCo,person,ENERGY,contains,TRUE
ong phan cong thanh,typo,Phan Công Thành,Ông Phan Công Thành - Tổng Giám đốc PVFCCo,oilgas:person:phan_cong_thanh,person,PARTNER,PVFCCo,person,ENERGY,contains,TRUE
Ông Nguyễn Xuân Hòa - Chủ tịch HĐQT PVFCCo,canonical,Nguyễn Xuân Hòa,Ông Nguyễn Xuân Hòa - Chủ tịch HĐQT PVFCCo,oilgas:person:nguyen_xuan_hoa,person,PARTNER,PVFCCo,person,ENERGY,contains,TRUE
Nguyễn Xuân Hòa,official,Nguyễn Xuân Hòa,Ông Nguyễn Xuân Hòa - Chủ tịch HĐQT PVFCCo,oilgas:person:nguyen_xuan_hoa,person,PARTNER,PVFCCo,person,ENERGY,contains,TRUE
ÔngNguyễnXuânHòa-ChủtịchHĐQTPVFCCo,typo,Nguyễn Xuân Hòa,Ông Nguyễn Xuân Hòa - Chủ tịch HĐQT PVFCCo,oilgas:person:nguyen_xuan_hoa,person,PARTNER,PVFCCo,person,ENERGY,contains,TRUE
ong nguyen xuan hoa - chu tich hđqt pvfcco,typo,Nguyễn Xuân Hòa,Ông Nguyễn Xuân Hòa - Chủ tịch HĐQT PVFCCo,oilgas:person:nguyen_xuan_hoa,person,PARTNER,PVFCCo,person,ENERGY,contains,TRUE
NguyễnXuânHòa,typo,Nguyễn Xuân Hòa,Ông Nguyễn Xuân Hòa - Chủ tịch HĐQT PVFCCo,oilgas:person:nguyen_xuan_hoa,person,PARTNER,PVFCCo,person,ENERGY,contains,TRUE
nguyen xuan hoa,typo,Nguyễn Xuân Hòa,Ông Nguyễn Xuân Hòa - Chủ tịch HĐQT PVFCCo,oilgas:person:nguyen_xuan_hoa,person,PARTNER,PVFCCo,person,ENERGY,contains,TRUE
ong nguyen xuan hoa,typo,Nguyễn Xuân Hòa,Ông Nguyễn Xuân Hòa - Chủ tịch HĐQT PVFCCo,oilgas:person:nguyen_xuan_hoa,person,PARTNER,PVFCCo,person,ENERGY,contains,TRUE
Ông Trần Huy Thư - Tổng Giám đốc VNPOLY,canonical,Trần Huy Thư,Ông Trần Huy Thư - Tổng Giám đốc VNPOLY,oilgas:person:tran_huy_thu,person,PARTNER,VNPOLY,person,ENERGY,contains,TRUE
Trần Huy Thư,official,Trần Huy Thư,Ông Trần Huy Thư - Tổng Giám đốc VNPOLY,oilgas:person:tran_huy_thu,person,PARTNER,VNPOLY,person,ENERGY,contains,TRUE
TrầnHuyThư,typo,Trần Huy Thư,Ông Trần Huy Thư - Tổng Giám đốc VNPOLY,oilgas:person:tran_huy_thu,person,PARTNER,VNPOLY,person,ENERGY,contains,TRUE
tran huy thu,typo,Trần Huy Thư,Ông Trần Huy Thư - Tổng Giám đốc VNPOLY,oilgas:person:tran_huy_thu,person,PARTNER,VNPOLY,person,ENERGY,contains,TRUE
ÔngTrầnHuyThư-TổngGiámđốcVNPOLY,typo,Trần Huy Thư,Ông Trần Huy Thư - Tổng Giám đốc VNPOLY,oilgas:person:tran_huy_thu,person,PARTNER,VNPOLY,person,ENERGY,contains,TRUE
ong tran huy thu - tong giam đoc vnpoly,typo,Trần Huy Thư,Ông Trần Huy Thư - Tổng Giám đốc VNPOLY,oilgas:person:tran_huy_thu,person,PARTNER,VNPOLY,person,ENERGY,contains,TRUE
ong tran huy thu,typo,Trần Huy Thư,Ông Trần Huy Thư - Tổng Giám đốc VNPOLY,oilgas:person:tran_huy_thu,person,PARTNER,VNPOLY,person,ENERGY,contains,TRUE
Ông Đào Văn Ngọc - Chủ tịch HĐQT VNPOLY,canonical,Đào Văn Ngọc,Ông Đào Văn Ngọc - Chủ tịch HĐQT VNPOLY,oilgas:person:dao_van_ngoc,person,PARTNER,VNPOLY,person,ENERGY,contains,TRUE
Đào Văn Ngọc,official,Đào Văn Ngọc,Ông Đào Văn Ngọc - Chủ tịch HĐQT VNPOLY,oilgas:person:dao_van_ngoc,person,PARTNER,VNPOLY,person,ENERGY,contains,TRUE
ÔngĐàoVănNgọc-ChủtịchHĐQTVNPOLY,typo,Đào Văn Ngọc,Ông Đào Văn Ngọc - Chủ tịch HĐQT VNPOLY,oilgas:person:dao_van_ngoc,person,PARTNER,VNPOLY,person,ENERGY,contains,TRUE
ong đao van ngoc - chu tich hđqt vnpoly,typo,Đào Văn Ngọc,Ông Đào Văn Ngọc - Chủ tịch HĐQT VNPOLY,oilgas:person:dao_van_ngoc,person,PARTNER,VNPOLY,person,ENERGY,contains,TRUE
ĐàoVănNgọc,typo,Đào Văn Ngọc,Ông Đào Văn Ngọc - Chủ tịch HĐQT VNPOLY,oilgas:person:dao_van_ngoc,person,PARTNER,VNPOLY,person,ENERGY,contains,TRUE
đao van ngoc,typo,Đào Văn Ngọc,Ông Đào Văn Ngọc - Chủ tịch HĐQT VNPOLY,oilgas:person:dao_van_ngoc,person,PARTNER,VNPOLY,person,ENERGY,contains,TRUE
ong đao van ngoc,typo,Đào Văn Ngọc,Ông Đào Văn Ngọc - Chủ tịch HĐQT VNPOLY,oilgas:person:dao_van_ngoc,person,PARTNER,VNPOLY,person,ENERGY,contains,TRUE
Ông Nguyễn Đình Lâm - Chủ tịch HĐQT PVcomBank,canonical,Nguyễn Đình Lâm,Ông Nguyễn Đình Lâm - Chủ tịch HĐQT PVcomBank,oilgas:person:nguyen_dinh_lam,person,PARTNER,PVcomBank,person,ENERGY,contains,TRUE
Nguyễn Đình Lâm,official,Nguyễn Đình Lâm,Ông Nguyễn Đình Lâm - Chủ tịch HĐQT PVcomBank,oilgas:person:nguyen_dinh_lam,person,PARTNER,PVcomBank,person,ENERGY,contains,TRUE
ÔngNguyễnĐìnhLâm-ChủtịchHĐQTPVcomBank,typo,Nguyễn Đình Lâm,Ông Nguyễn Đình Lâm - Chủ tịch HĐQT PVcomBank,oilgas:person:nguyen_dinh_lam,person,PARTNER,PVcomBank,person,ENERGY,contains,TRUE
ong nguyen đinh lam - chu tich hđqt pvcombank,typo,Nguyễn Đình Lâm,Ông Nguyễn Đình Lâm - Chủ tịch HĐQT PVcomBank,oilgas:person:nguyen_dinh_lam,person,PARTNER,PVcomBank,person,ENERGY,contains,TRUE
NguyễnĐìnhLâm,typo,Nguyễn Đình Lâm,Ông Nguyễn Đình Lâm - Chủ tịch HĐQT PVcomBank,oilgas:person:nguyen_dinh_lam,person,PARTNER,PVcomBank,person,ENERGY,contains,TRUE
nguyen đinh lam,typo,Nguyễn Đình Lâm,Ông Nguyễn Đình Lâm - Chủ tịch HĐQT PVcomBank,oilgas:person:nguyen_dinh_lam,person,PARTNER,PVcomBank,person,ENERGY,contains,TRUE
ong nguyen đinh lam,typo,Nguyễn Đình Lâm,Ông Nguyễn Đình Lâm - Chủ tịch HĐQT PVcomBank,oilgas:person:nguyen_dinh_lam,person,PARTNER,PVcomBank,person,ENERGY,contains,TRUE
Ông Nguyễn Hoàng Nam - Tổng Giám đốc PVcomBank,canonical,Nguyễn Hoàng Nam,Ông Nguyễn Hoàng Nam - Tổng Giám đốc PVcomBank,oilgas:person:nguyen_hoang_nam,person,PARTNER,PVcomBank,person,ENERGY,contains,TRUE
Nguyễn Hoàng Nam,official,Nguyễn Hoàng Nam,Ông Nguyễn Hoàng Nam - Tổng Giám đốc PVcomBank,oilgas:person:nguyen_hoang_nam,person,PARTNER,PVcomBank,person,ENERGY,contains,TRUE
NguyễnHoàngNam,typo,Nguyễn Hoàng Nam,Ông Nguyễn Hoàng Nam - Tổng Giám đốc PVcomBank,oilgas:person:nguyen_hoang_nam,person,PARTNER,PVcomBank,person,ENERGY,contains,TRUE
nguyen hoang nam,typo,Nguyễn Hoàng Nam,Ông Nguyễn Hoàng Nam - Tổng Giám đốc PVcomBank,oilgas:person:nguyen_hoang_nam,person,PARTNER,PVcomBank,person,ENERGY,contains,TRUE
ÔngNguyễnHoàngNam-TổngGiámđốcPVcomBank,typo,Nguyễn Hoàng Nam,Ông Nguyễn Hoàng Nam - Tổng Giám đốc PVcomBank,oilgas:person:nguyen_hoang_nam,person,PARTNER,PVcomBank,person,ENERGY,contains,TRUE
ong nguyen hoang nam - tong giam đoc pvcombank,typo,Nguyễn Hoàng Nam,Ông Nguyễn Hoàng Nam - Tổng Giám đốc PVcomBank,oilgas:person:nguyen_hoang_nam,person,PARTNER,PVcomBank,person,ENERGY,contains,TRUE
ong nguyen hoang nam,typo,Nguyễn Hoàng Nam,Ông Nguyễn Hoàng Nam - Tổng Giám đốc PVcomBank,oilgas:person:nguyen_hoang_nam,person,PARTNER,PVcomBank,person,ENERGY,contains,TRUE
Ông Ngô Hoàng Ngân - Chủ tịch HĐTV Vinacomin,canonical,Ngô Hoàng Ngân,Ông Ngô Hoàng Ngân - Chủ tịch HĐTV Vinacomin,oilgas:person:ngo_hoang_ngan,person,PARTNER,Vinacomin,person,ENERGY,contains,TRUE
Ngô Hoàng Ngân,official,Ngô Hoàng Ngân,Ông Ngô Hoàng Ngân - Chủ tịch HĐTV Vinacomin,oilgas:person:ngo_hoang_ngan,person,PARTNER,Vinacomin,person,ENERGY,contains,TRUE
NgôHoàngNgân,typo,Ngô Hoàng Ngân,Ông Ngô Hoàng Ngân - Chủ tịch HĐTV Vinacomin,oilgas:person:ngo_hoang_ngan,person,PARTNER,Vinacomin,person,ENERGY,contains,TRUE
ngo hoang ngan,typo,Ngô Hoàng Ngân,Ông Ngô Hoàng Ngân - Chủ tịch HĐTV Vinacomin,oilgas:person:ngo_hoang_ngan,person,PARTNER,Vinacomin,person,ENERGY,contains,TRUE
ÔngNgôHoàngNgân-ChủtịchHĐTVVinacomin,typo,Ngô Hoàng Ngân,Ông Ngô Hoàng Ngân - Chủ tịch HĐTV Vinacomin,oilgas:person:ngo_hoang_ngan,person,PARTNER,Vinacomin,person,ENERGY,contains,TRUE
ong ngo hoang ngan - chu tich hđtv vinacomin,typo,Ngô Hoàng Ngân,Ông Ngô Hoàng Ngân - Chủ tịch HĐTV Vinacomin,oilgas:person:ngo_hoang_ngan,person,PARTNER,Vinacomin,person,ENERGY,contains,TRUE
ong ngo hoang ngan,typo,Ngô Hoàng Ngân,Ông Ngô Hoàng Ngân - Chủ tịch HĐTV Vinacomin,oilgas:person:ngo_hoang_ngan,person,PARTNER,Vinacomin,person,ENERGY,contains,TRUE
Ông Vũ Anh Tuấn - Tổng Giám đốc Vinacomin,canonical,Vũ Anh Tuấn,Ông Vũ Anh Tuấn - Tổng Giám đốc Vinacomin,oilgas:person:vu_anh_tuan,person,PARTNER,Vinacomin,person,ENERGY,contains,TRUE
Vũ Anh Tuấn,official,Vũ Anh Tuấn,Ông Vũ Anh Tuấn - Tổng Giám đốc Vinacomin,oilgas:person:vu_anh_tuan,person,PARTNER,Vinacomin,person,ENERGY,contains,TRUE
VũAnhTuấn,typo,Vũ Anh Tuấn,Ông Vũ Anh Tuấn - Tổng Giám đốc Vinacomin,oilgas:person:vu_anh_tuan,person,PARTNER,Vinacomin,person,ENERGY,contains,TRUE
vu anh tuan,typo,Vũ Anh Tuấn,Ông Vũ Anh Tuấn - Tổng Giám đốc Vinacomin,oilgas:person:vu_anh_tuan,person,PARTNER,Vinacomin,person,ENERGY,contains,TRUE
ÔngVũAnhTuấn-TổngGiámđốcVinacomin,typo,Vũ Anh Tuấn,Ông Vũ Anh Tuấn - Tổng Giám đốc Vinacomin,oilgas:person:vu_anh_tuan,person,PARTNER,Vinacomin,person,ENERGY,contains,TRUE
ong vu anh tuan - tong giam đoc vinacomin,typo,Vũ Anh Tuấn,Ông Vũ Anh Tuấn - Tổng Giám đốc Vinacomin,oilgas:person:vu_anh_tuan,person,PARTNER,Vinacomin,person,ENERGY,contains,TRUE
ong vu anh tuan,typo,Vũ Anh Tuấn,Ông Vũ Anh Tuấn - Tổng Giám đốc Vinacomin,oilgas:person:vu_anh_tuan,person,PARTNER,Vinacomin,person,ENERGY,contains,TRUE
Tô Mạnh Cường,official,Tô Mạnh Cường,Ông Tô Mạnh Cường - Lãnh đạo MobiFone,telco:person:to_manh_cuong,person,PARTNER,MobiFone,person,TELECOM,contains,TRUE
